{"cameraMode":{"drawMode":0,"name":"Shaded","section":"Shading Mode"},"sceneLighting":false,"audioPlay":false,"sceneViewState":{"showFog":true,"showMaterialUpdate":false,"showSkybox":false,"showFlares":true,"showImageEffects":true,"showParticleSystems":true},"in2DMode":false,"pivot":{"x":-2.512418270111084,"y":3.6621828079223635,"z":0.0163421630859375},"rotation":{"x":0.7041511535644531,"y":-0.01682632602751255,"z":0.01669233664870262,"w":0.7096619009971619},"size":6.824164867401123,"orthographic":false}