{"cameraMode":{"drawMode":0,"name":"Shaded","section":"Shading Mode"},"sceneLighting":false,"audioPlay":false,"sceneViewState":{"m_AlwaysRefresh":false,"showFog":true,"showSkybox":false,"showFlares":true,"showImageEffects":true,"showParticleSystems":true,"showVisualEffectGraphs":true,"m_FxEnabled":true},"in2DMode":false,"pivot":{"x":13.66016960144043,"y":5.314769744873047,"z":4.986207962036133},"rotation":{"x":0.4635337293148041,"y":0.07559144496917725,"z":-0.039728984236717227,"w":0.8819548487663269},"size":26.854568481445314,"orthographic":true}